                  epoch,         train/box_loss,         train/cls_loss,         train/dfl_loss,   metrics/precision(B),      metrics/recall(B),       metrics/mAP50(B),    metrics/mAP50-95(B),           val/box_loss,           val/cls_loss,           val/dfl_loss,                 lr/pg0,                 lr/pg1,                 lr/pg2
                      0,                 3.5465,                 3.9495,                 4.2231,                0.00208,                0.56296,                0.00313,                0.00063,                 3.5896,                 4.0729,                 4.1186,                 0.0757,                 0.0027,                 0.0027
                      1,                 3.4353,                 3.7888,                 4.1471,                0.00229,                0.63704,                0.00409,                 0.0008,                 3.5169,                 3.9841,                 4.0732,               0.050137,               0.005137,               0.005137
                      2,                  3.344,                 3.3429,                 4.0438,                0.00251,                0.71852,                0.00481,                 0.0009,                 3.4639,                 3.8517,                 4.0464,               0.024204,              0.0072044,              0.0072044
                      3,                 3.1588,                 2.8608,                 3.8368,                0.01785,                0.06667,                0.01073,                0.00242,                 3.2793,                 3.9562,                 3.9859,                0.00802,                0.00802,                0.00802
