                  epoch,         train/box_loss,         train/cls_loss,         train/dfl_loss,   metrics/precision(B),      metrics/recall(B),       metrics/mAP50(B),    metrics/mAP50-95(B),           val/box_loss,           val/cls_loss,           val/dfl_loss,                 lr/pg0,                 lr/pg1,                 lr/pg2
                      0,                 3.3632,                 4.0295,                 4.0727,                0.00209,                0.46893,                 0.0033,                0.00066,                 3.6452,                 3.9902,                 4.1201,                  0.073,                  0.003,                  0.003
                      1,                 3.4393,                 3.7983,                 4.1145,                0.00228,                0.52542,                0.00351,                0.00071,                 3.5919,                 3.9908,                 4.0825,               0.043892,              0.0048922,              0.0048922
                      2,                  3.428,                 3.4959,                 4.0671,                0.00238,                0.56497,                0.01247,                0.00192,                 3.5503,                 3.8737,                 4.0617,               0.013557,              0.0055568,              0.0055568
                      3,                 3.0893,                 3.2138,                 3.7986,                0.14732,                0.16949,                0.10521,                0.02428,                 3.3592,                 3.2359,                 3.8747,                0.00406,                0.00406,                0.00406
                      4,                 2.9544,                 2.7466,                 3.7585,                0.16737,                0.28249,                0.11319,                0.02774,                 3.0033,                 9.1363,                 4.6398,                0.00406,                0.00406,                0.00406
