                  epoch,         train/box_loss,         train/cls_loss,         train/dfl_loss,   metrics/precision(B),      metrics/recall(B),       metrics/mAP50(B),    metrics/mAP50-95(B),           val/box_loss,           val/cls_loss,           val/dfl_loss,                 lr/pg0,                 lr/pg1,                 lr/pg2
                      0,                 3.5465,                 3.9495,                 4.2231,                0.00208,                0.56296,                0.00313,                0.00063,                 3.5896,                 4.0729,                 4.1186,                 0.0757,                 0.0027,                 0.0027
                      1,                 3.4095,                 3.7625,                 4.1517,                0.00231,                0.64444,                0.00414,                0.00079,                 3.5196,                 3.9756,                  4.075,               0.050228,              0.0052277,              0.0052277
